rating_area_id,primary_hub,constituent_counties
1,Northwest,"Clarion, Crawford, Erie, Forest, McKean, Mercer, Venango, Warren"
2,Northern Tier Central,"Cameron, Elk, Potter"
3,Northeast & Susquehanna Valley,"Bradford, Carbon, Clinton, Lackawanna, Luzerne, Lycoming, Monroe, Pike, Sullivan, Susquehanna, Tioga, Wayne, Wyoming"
4,Pittsburgh Metro / Greater Western PA,"Allegheny, Armstrong, Beaver, Butler, Fayette, Greene, Indiana, Lawrence, Washington, Westmoreland"
5,Central / Laurel Highlands,"Bedford, Blair, Cambria, Clearfield, Huntingdon, Jefferson, Somerset"
6,Central / Lehigh Valley,"Centre, Columbia, Lehigh, Mifflin, Montour, Northampton, Northumberland, Schuylkill, Snyder, Union"
7,South Central Border & Berks,"Adams, Berks, Lancaster, York"
8,Philadelphia Metropolitan Area,"Bucks, Chester, Delaware, Montgomery, Philadelphia"
9,Capital Region,"Cumberland, Dauphin, Franklin, Fulton, Juniata, Lebanon, Perry"
